element,sp_num,obs_wl_air(nm),unc_obs_wl,intens,Aki(s^-1),Acc,Ei(cm-1),Ek(cm-1),conf_i,term_i,J_i,conf_k,term_k,J_k,Type,tp_ref,line_ref,
Pr,1,"=""698.012""","=""""","=""8c""","=""""",,"=""""","=""""","=""""","=""""","=""""","=""""","=""""","=""""",,"=""""","=""L3475""",
Ra,1,"=""698.0220""","=""0.0020""","=""20""","=""1.66e+07""",C+,"=""13715.779""","=""28038.00""","=""7s.6d""","=""3D""","=""1""","=""6d.7p""","=""3F*""","=""2""",,"=""T8002""","=""L3527""",
Th,1,"=""698.0543""","=""0.0005""","=""18""","=""""",,"=""25703.40095""","=""40024.9810""","=""""","=""*""","=""2""","=""""","=""""","=""2""",,"=""""","=""L3552""",
Gd,1,"=""698.086""","=""""","=""26w""","=""""",,"=""""","=""""","=""""","=""""","=""""","=""""","=""""","=""""",,"=""""","=""L3475""",
Cr,1,"=""698.09033""","=""0.00010""","=""34""","=""1.5e+06""",D,"=""27935.2412""","=""42256.0868""","=""3d4.(5D).4s.4p.(3P*)""","=""y 7P*""","=""4""","=""3d5.(6S).4d""","=""e 7D""","=""3""",,"=""T4288""","=""L14866""",
Hf,2,"=""698.091""","=""""","=""21""","=""""",,"=""""","=""""","=""""","=""""","=""""","=""""","=""""","=""""",,"=""""","=""L3475""",
Th,1,"=""698.10832""","=""0.00006""","=""240""","=""""",,"=""13175.113345""","=""27495.58911""","=""5f.6d.7s2""","=""3G*""","=""4""","=""5f2.7s2""","=""3H""","=""4""",,"=""""","=""L5951""",
S,2,"=""698.1398""","=""0.0012""","=""1700""","=""3.21e+06""",C,"=""114279.320""","=""128599.168""","=""3s2.3p2.(3P).3d""","=""4D""","=""7/2""","=""3s2.3p2.(3P).4p""","=""4D*""","=""7/2""",,"=""T3186c85""","=""L5883""",
Hf,1,"=""698.1610""","=""0.0015""","=""260""","=""""",,"=""24966.809""","=""39286.213""","=""5d2.(a 3F).6s.(a 4F).6p""","=""z 5D*""","=""0""","=""5d2.(3F).6s.(a 4F).7s""","=""b 5F""","=""1""",,"=""""","=""L16323""",
W,1,"=""698.188""","=""""","=""6""","=""""",,"=""23455.02""","=""37773.96""","=""5d5.(4D).6s""","=""5D""","=""1""","=""""","=""*""","=""1""",,"=""""","=""L153""",
Cl,1,"=""698.1886""","=""""","=""300""","=""""",,"=""""","=""""","=""""","=""""","=""""","=""""","=""""","=""""",,"=""""","=""L298""",
Ru,1,"=""698.201""","=""""","=""26""","=""""",,"=""27506.59""","=""41825.23""","=""4d7.(a 4F).5p""","=""z 5D*""","=""3""","=""4d7.(a 4F).6s""","=""e 3F""","=""4""",,"=""""","=""L3475""",
Xe,1,"=""698.205""","=""0.001""","=""30""","=""""",,"=""78403.061""","=""92721.530""","=""5p5.(2P*<3/2>).6p""","=""2[5/2]""","=""3""","=""5p5.(2P*<3/2>).7d""","=""2[3/2]*""","=""2""",,"=""""","=""L4739""",
Ti,2,"=""698.23075""","=""0.00010""","=""41""","=""""",,"=""67606.1621""","=""81924.127""","=""3d2.(3F).4d""","=""e 2G""","=""7/2""","=""3d2.(3F).4f""","=""2H*""","=""9/2""",,"=""""","=""u37""",
Dy,1,"=""698.244""","=""""","=""13w""","=""""",,"=""""","=""""","=""""","=""""","=""""","=""""","=""""","=""""",,"=""""","=""L3475""",
Th,1,"=""698.2608""","=""0.0005""","=""230""","=""""",,"=""23015.15141""","=""37332.4981""","=""""","=""*""","=""5""","=""5f.6d2.7p ""","=""5K ""","=""6""",,"=""""","=""L3552""",
Be,1,"=""698.2749""","=""0.002""","=""13""","=""""",,"=""42565.4502""","=""56882.5474""","=""1s2.2s.2p""","=""1P*""","=""1""","=""1s2.2p2""","=""1D""","=""2""",,"=""""","=""L4743""",
Hf,1,"=""698.2750""","=""0.0015""","=""5""","=""""",,"=""30146.412""","=""44463.504""","=""5d3.(b 4P).6s""","=""b 3P""","=""2""","=""5d3.(b 4P).6p""","=""t 3D*""","=""3""",,"=""""","=""L16323""",
Th,1,"=""698.2752""","=""0.0005""","=""13""","=""""",,"=""20054.77119""","=""34371.8246""","=""6d3.(2F).7s""","=""3F""","=""2""","=""""","=""*""","=""2""",,"=""""","=""L3552""",
Ti,1,"=""698.3119""","=""0.0006""","=""16""","=""""",,"=""17369.529""","=""31685.825""","=""3d3.(2D2).4s""","=""a 3D""","=""1""","=""3d2.(3P).4s.4p.(3P*)""","=""y 3P*""","=""0""",,"=""""","=""L10989""",
Cs,1,"=""698.34912""","=""0.00005""","=""""","=""""",,"=""11732.3071041""","=""26047.8342""","=""5p6.6p""","=""2P*""","=""3/2""","=""5p6.7d""","=""2D""","=""3/2""",,"=""""","=""L3506""",
Ta,1,"=""698.352""","=""""","=""23""","=""""",,"=""22761.21""","=""37076.71""","=""5d4.(3G).6s""","=""a 4G""","=""7/2""","=""5d3.6s.(3H).6p""","=""z 4H*?""","=""9/2""",,"=""""","=""L3475""",
Ce,2,"=""698.382""","=""""","=""10""","=""8.8e+05""",C+,"=""13117.922""","=""27432.782""","=""4f2.(3F).5d""","=""4H""","=""9/2""","=""4f2.(3H<4>).6p<3/2>""","=""(4,3/2)*""","=""9/2""",,"=""T8629""","=""L3475""",
Th,1,"=""698.3965""","=""0.0005""","=""22""","=""""",,"=""22338.99484""","=""36653.5692""","=""5f.6d2.7s""","=""5G*""","=""3""","=""""","=""""","=""2""",,"=""""","=""L3552""",
W,1,"=""698.427""","=""""","=""40""","=""4.4e+04""",D,"=""13348.56""","=""27662.52""","=""5d4.6s2""","=""3G""","=""3""","=""5d4.6s.(6D).6p""","=""5F*""","=""2""",,"=""T4976""","=""L153""",
Th,1,"=""698.4585""","=""0.0005""","=""18""","=""""",,"=""8800.249723""","=""23113.54761""","=""6d3.(4F).7s""","=""5F""","=""4""","=""5f.6d2.7s""","=""5G*""","=""4""",,"=""""","=""L3552""",
Th,1,"=""698.4759""","=""0.0005""","=""22""","=""""",,"=""17224.302340""","=""31537.24226""","=""6d2.7s.7p""","=""5F*""","=""2""","=""""","=""""","=""3""",,"=""""","=""L3552""",
Os,1,"=""698.495""","=""""","=""6""","=""""",,"=""""","=""""","=""""","=""""","=""""","=""""","=""""","=""""",,"=""""","=""L3475""",
Th,1,"=""698.4952""","=""0.0005""","=""13""","=""""",,"=""19532.41646""","=""33844.9580""","=""6d3.(2F).7s""","=""3F""","=""4""","=""""","=""*""","=""5""",,"=""""","=""L3552""",
I,1,"=""698.5129""","=""0.0020""","=""1700""","=""""",,"=""67061.9638""","=""81374.18""","=""5s2.5p4.(3P<2>).6p""","=""2[1]*""","=""3/2""","=""5s2.5p4.(3P<2>).10s""","=""2[2]""","=""3/2""",,"=""""","=""L13998""",
Yb,3,"=""698.515""","=""""","=""20""","=""""",,"=""""","=""""","=""""","=""""","=""""","=""""","=""""","=""""",,"=""""","=""L4835""",
Th,2,"=""698.54719""","=""0.00008""","=""160""","=""""",,"=""9061.10354""","=""23372.58173""","=""6d2.(3P).7s""","=""4P""","=""5/2""","=""6d.7s.(3D).7p""","=""*""","=""3/2""",,"=""""","=""L5951""",
Sc,1,"=""698.555""","=""0.002""","=""8""","=""""",,"=""33278.370""","=""47589.719""","=""3d2.(3F).4p""","=""2F*""","=""7/2""","=""""","=""2G""","=""9/2""",,"=""""","=""L4189c12""",
Ar,2,"=""698.5708""","=""0.0008""","=""1""","=""""",,"=""190106.3000""","=""204417.2985""","=""3s2.3p4.(3P).5p""","=""4D*""","=""3/2""","=""3s2.3p4.(3P).5d""","=""2D""","=""3/2""",,"=""""","=""L14821""",
Th,1,"=""698.5783""","=""0.0005""","=""45""","=""""",,"=""21575.03713""","=""35885.8813""","=""6d3.(2P).7s""","=""""","=""2""","=""""","=""*""","=""2""",,"=""""","=""L3552""",
W,1,"=""698.580""","=""""","=""1""","=""""",,"=""""","=""""","=""""","=""""","=""""","=""""","=""""","=""""",,"=""""","=""L153""",
Gd,2,"=""698.589""","=""""","=""50""","=""""",,"=""""","=""""","=""""","=""""","=""""","=""""","=""""","=""""",,"=""""","=""L3475""",
Ce,1,"=""698.602""","=""""","=""30""","=""""",,"=""228.849""","=""14539.212""","=""4f.5d.6s2""","=""3F*""","=""2""","=""4f.5d.(3F*).6s.6p.(3P*)""","=""""","=""3""",,"=""""","=""L3475""",
Th,1,"=""698.60298""","=""0.00007""","=""220""","=""""",,"=""11802.93238""","=""26113.26894""","=""6d3.(4P).7s""","=""5P""","=""2""","=""""","=""*""","=""2""",,"=""""","=""L5951""",
Nb,1,"=""698.609""","=""""","=""25""","=""""",,"=""""","=""""","=""""","=""""","=""""","=""""","=""""","=""""",,"=""""","=""L3475""",
Th,1,"=""698.6159""","=""0.0005""","=""9""","=""""",,"=""22508.04658""","=""36818.1174""","=""6d2.7s.7p""","=""5P*""","=""2""","=""""","=""""","=""2""",,"=""""","=""L3552""",
I,1,"=""698.6507""","=""0.0020""","=""20000""","=""3.3e+06""",E,"=""67726.2533""","=""82035.649""","=""5s2.5p4.(3P<2>).5d""","=""2[4]""","=""9/2""","=""5s2.5p4.(3P<2>).7f""","=""2[5]*""","=""11/2""",,"=""u46""","=""L13998""",
Cu,2,"=""698.6548""","=""0.0008""","=""2100""","=""""",,"=""123304.823""","=""137614.140""","=""3d9.(2D<3/2>).5p""","=""2[3/2]*""","=""1""","=""3d9.(2D<5/2>).5d""","=""2[1/2]""","=""0""",,"=""""","=""L869c171""",
Th,1,"=""698.6565""","=""0.0005""","=""13""","=""""",,"=""21738.05013""","=""36047.3034""","=""5f.6d2.7s""","=""5G*""","=""2""","=""""","=""""","=""2""",,"=""""","=""L3552""",
V,2,"=""698.7152""","=""0.0012""","=""95""","=""""",,"=""37937.703""","=""52245.733""","=""3d2.4s2""","=""e 3F""","=""2""","=""3d3.(2D2).4p""","=""x 3F*""","=""2""",,"=""""","=""L10089c179""",
Fe,2,"=""698.73978""","=""0.00013""","=""600""","=""2.69e+07""",B+,"=""90397.873""","=""104705.411""","=""3d6.(5D).5p""","=""4D*""","=""7/2""","=""3d6.(5D).5d""","=""6D""","=""7/2""",,"=""T6892c83""","=""L18349c139""",
Th,1,"=""698.7444""","=""0.0005""","=""13""","=""""",,"=""20566.62381""","=""34874.0693""","=""6d2.7s.7p""","=""5D*""","=""4""","=""""","=""""","=""3""",,"=""""","=""L3552""",
Th,1,"=""698.7790""","=""0.0005""","=""90""","=""""",,"=""20566.62381""","=""34873.3535""","=""6d2.7s.7p""","=""5D*""","=""4""","=""""","=""""","=""4""",,"=""""","=""L3552""",
Cr,1,"=""698.866""","=""0.005""","=""2""","=""""",,"=""31049.2155""","=""45354.1500""","=""3d5.(2I).4s""","=""a 3I""","=""6""","=""3d5.(4G).4p""","=""z 3H*""","=""5""",,"=""""","=""L808""",
Ti,4,"=""698.874""","=""""","=""4""","=""""",,"=""274881.21""","=""289185.99""","=""3p6.6p""","=""2P*""","=""3/2""","=""3p6.6d""","=""2D""","=""3/2""",,"=""""","=""L2753""",
Gd,2,"=""698.875""","=""""","=""10""","=""""",,"=""""","=""""","=""""","=""""","=""""","=""""","=""""","=""""",,"=""""","=""L3475""",
Th,1,"=""698.8871""","=""0.0005""","=""90""","=""""",,"=""16346.64962""","=""30651.16019""","=""5f.6d2.7s""","=""5H*""","=""4""","=""6d4""","=""""","=""3""",,"=""""","=""L3552""",
Mo,1,"=""698.8955""","=""""","=""26""","=""6.2e+05""",B+,"=""20130.313""","=""34434.660""","=""4d5.(4D).5s""","=""b 5D""","=""1""","=""4d4.5s.(6D).5p""","=""z 5F*""","=""2""",,"=""T5293""","=""L10250,L3475""",
W,1,"=""698.927""","=""""","=""15""","=""""",,"=""18082.83""","=""32386.56""","=""5d4.6s2""","=""3D""","=""1""","=""""","=""*""","=""0""",,"=""""","=""L153""",
Th,1,"=""698.965520""","=""0.000004""","=""31000""","=""""",,"=""7795.275291""","=""22098.18793""","=""5f.6d.7s2""","=""3H*""","=""4""","=""5f.6d.7s.7p""","=""5I""","=""4""",,"=""""","=""L18702""",
I,1,"=""698.97743""","=""0.00025""","=""7800""","=""""",,"=""65644.3110""","=""79946.9763""","=""5s2.5p4.(3P<2>).6p""","=""2[3]*""","=""5/2""","=""5s2.5p4.(3P<2>).9s""","=""2[2]""","=""3/2""",,"=""""","=""L20632,L13998""",
Pt,1,"=""698.981""","=""0.003""","=""680h""","=""""",,"=""50010.1497""","=""64312.770""","=""5d8.6s.(2F).6p""","=""a 3F*""","=""4""","=""5d8.(3F<4>).6s.6d.(3D<?>)""","=""a (4,?)""","=""4""",,"=""""","=""L17515c164""",
Mn,1,"=""698.996""","=""""","=""12""","=""""",,"=""""","=""""","=""""","=""""","=""""","=""""","=""""","=""""",,"=""""","=""L3475""",
Ar,2,"=""699.0122""","=""0.0008""","=""5""","=""2.e+05""",C+,"=""143371.4364""","=""157673.4134""","=""3s2.3p4.(3P).3d""","=""4F""","=""3/2""","=""3s2.3p4.(3P).4p""","=""4D*""","=""5/2""",,"=""T926""","=""L14821""",
Ti,1,"=""699.0226""","=""0.0006""","=""28""","=""""",,"=""17423.856""","=""31725.605""","=""3d3.(2D2).4s""","=""a 3D""","=""2""","=""3d2.(3P).4s.4p.(3P*)""","=""y 3P*""","=""1""",,"=""""","=""L10989""",
Nb,1,"=""699.032""","=""""","=""85""","=""""",,"=""""","=""""","=""""","=""""","=""""","=""""","=""""","=""""",,"=""""","=""L3475""",
Se,1,"=""699.0690""","=""""","=""120""","=""""",,"=""""","=""""","=""""","=""""","=""""","=""""","=""""","=""""",,"=""""","=""L1791""",
Cr,1,"=""699.073""","=""0.005""","=""3""","=""""",,"=""31047.9572""","=""45348.6792""","=""3d5.(2I).4s""","=""a 3I""","=""7""","=""3d5.(4G).4p""","=""z 3H*""","=""6""",,"=""""","=""L808""",
Zr,1,"=""699.084""","=""""","=""150""","=""""",,"=""""","=""""","=""""","=""""","=""""","=""""","=""""","=""""",,"=""""","=""L3475""",
Xe,2,"=""699.088""","=""""","=""2000""","=""2.7e+07""",,"=""99404.99""","=""113705.40""","=""5s2.5p4.(3P<2>).5d""","=""2[4]""","=""9/2""","=""5s2.5p4.(3P<2>).6p""","=""2[3]*""","=""7/2""",,"=""T8043""","=""L6925""",
Bi,1,"=""699.0924""","=""0.0010""","=""10""","=""""",,"=""41124.985""","=""55425.301""","=""6p2.(3P<0>).7p""","=""2[1]*""","=""1/2""","=""6p2.(3P<0>).9d""","=""2[2]""","=""3/2""",,"=""""","=""L6416,L7394""",
Ti,1,"=""699.1230""","=""0.0006""","=""2""","=""""",,"=""25227.222""","=""39526.912""","=""3d2.(3F).4s.4p.(1P*)""","=""y 3F*""","=""3""","=""3d3.(4F).5s""","=""f 3F""","=""2""",,"=""""","=""L10989""",
Dy,1,"=""699.130""","=""""","=""13""","=""""",,"=""""","=""""","=""""","=""""","=""""","=""""","=""""","=""""",,"=""""","=""L3475""",
W,1,"=""699.150""","=""""","=""12""","=""""",,"=""28233.44""","=""42532.62""","=""5d5.(4F).6s""","=""5F""","=""5""","=""""","=""*""","=""4""",,"=""""","=""L153""",
Xe,1,"=""699.165""","=""0.001""","=""1""","=""""",,"=""79986.618""","=""94285.50""","=""5p5.(2P*<3/2>).5d""","=""2[1/2]*""","=""1""","=""5p5.(2P*<3/2>).9p""","=""2[1/2]""","=""0""",,"=""""","=""L4739""",
Se,1,"=""699.1792""","=""""","=""100""","=""""",,"=""""","=""""","=""""","=""""","=""""","=""""","=""""","=""""",,"=""""","=""L1791""",
W,1,"=""699.184""","=""""","=""1""","=""""",,"=""""","=""""","=""""","=""""","=""""","=""""","=""""","=""""",,"=""""","=""L153""",
I,1,"=""699.1890""","=""0.0020""","=""1500""","=""""",,"=""67726.2533""","=""82024.59""","=""5s2.5p4.(3P<2>).5d""","=""2[4]""","=""9/2""","=""5s2.5p4.(3P<2>).7f""","=""2[4]*""","=""9/2""",,"=""""","=""L13998""",
Gd,1,"=""699.192""","=""""","=""75""","=""""",,"=""""","=""""","=""""","=""""","=""""","=""""","=""""","=""""",,"=""""","=""L3475""",
V,1,"=""699.2398""","=""0.0003""","=""8100""","=""""",,"=""26206.803""","=""40504.099""","=""3d4.(1D2).4s""","=""2D""","=""3/2""","=""3d3.(2P).4s.4p.(3P*)""","=""w 2P*""","=""1/2""",,"=""""","=""L15916""",
P,3,"=""699.2690""","=""""","=""150""","=""""",,"=""""","=""""","=""""","=""""","=""""","=""""","=""""","=""""",,"=""""","=""L4134""",
Th,2,"=""699.26966""","=""0.00006""","=""230""","=""""",,"=""9400.96493""","=""23697.6574""","=""6d3""","=""4F""","=""5/2""","=""5f.(2F*).6d2.(3P)""","=""*""","=""7/2""",,"=""""","=""L5951""",
Pa,1,"=""699.273""","=""""","=""3000s""","=""""",,"=""""","=""""","=""""","=""""","=""""","=""""","=""""","=""""",,"=""""","=""u2""",
S,1,"=""699.279""","=""0.005""","=""130""","=""9.32e+05""",D,"=""64888.9325""","=""79185.35""","=""3s2.3p3.(4S*).4p""","=""3P""","=""1""","=""3s2.3p3.(4S*).7s""","=""3S*""","=""1""",,"=""T8595,T7952""","=""L7214,L7444,L7427""",
W,1,"=""699.296""","=""""","=""10""","=""""",,"=""31077.80""","=""45374.00""","=""""","=""""","=""2""","=""""","=""*""","=""1""",,"=""""","=""L153,L416""",
Th,2,"=""699.303709""","=""0.000020""","=""860""","=""""",,"=""7001.42117""","=""21297.41708""","=""6d3""","=""""","=""3/2""","=""5f.(2F*).6d2.(3F)""","=""*""","=""5/2""",,"=""""","=""L18702""",
Kr,1,"=""699.305""","=""""","=""2""","=""""",,"=""97085.193""","=""111381.160""","=""4s2.4p5.(2P*<3/2>).4d""","=""2[1/2]*""","=""1""","=""4s2.4p5.(2P*<1/2>).4f""","=""2[5/2]""","=""2""",,"=""""","=""L7408""",
Gd,1,"=""699.318""","=""""","=""21""","=""""",,"=""""","=""""","=""""","=""""","=""""","=""""","=""""","=""""",,"=""""","=""L3475""",
W,1,"=""699.327""","=""""","=""30""","=""5.8e+04""",D,"=""19826.04""","=""34121.68""","=""5d4.6s2""","=""3G""","=""5""","=""""","=""*""","=""4""",,"=""T4976""","=""L153""",
Cs,2,"=""699.33350""","=""0.00008""","=""4400""","=""""",,"=""166140.2712""","=""180435.6602""","=""5p5.(2P*<1/2>).6d""","=""2[5/2]*""","=""2""","=""5p5.(2P*<1/2>).5f""","=""2[7/2]""","=""3""",,"=""""","=""L12126""",
I,1,"=""699.3382""","=""0.0003""","=""2300d""","=""""",,"=""64989.8299""","=""79285.1060""","=""5s2.5p4.(3P<2>).6p""","=""2[2]*""","=""3/2""","=""5s2.5p4.(3P<1>).7s""","=""2[1]""","=""1/2""",,"=""""","=""L20632,L13998""",
W,1,"=""699.365""","=""""","=""4""","=""""",,"=""27670.48""","=""41965.24""","=""5d5.(4F).6s""","=""5F""","=""1""","=""""","=""*""","=""0""",,"=""""","=""L153""",
Th,1,"=""699.39873""","=""0.00009""","=""110""","=""""",,"=""11802.93238""","=""26096.98491""","=""6d3.(4P).7s""","=""5P""","=""2""","=""""","=""*""","=""3""",,"=""""","=""L5951""",
S,1,"=""699.399""","=""0.006""","=""66""","=""3.11e+05""",D,"=""64891.3536""","=""79185.35""","=""3s2.3p3.(4S*).4p""","=""3P""","=""0""","=""3s2.3p3.(4S*).7s""","=""3S*""","=""1""",,"=""T8595,T7952""","=""L7444""",
W,1,"=""699.406""","=""""","=""15""","=""5.2e+04""",D,"=""19827.68""","=""34121.68""","=""5d5.(4P).6s""","=""5P""","=""3""","=""""","=""*""","=""4""",,"=""T4976""","=""L153""",
Zr,1,"=""699.432""","=""""","=""80""","=""""",,"=""""","=""""","=""""","=""""","=""""","=""""","=""""","=""""",,"=""""","=""L3475""",
S,1,"=""699.458""","=""0.005""","=""170""","=""1.55e+06""",D,"=""64892.5514""","=""79185.35""","=""3s2.3p3.(4S*).4p""","=""3P""","=""2""","=""3s2.3p3.(4S*).7s""","=""3S*""","=""1""",,"=""T8595,T7952""","=""L7214,L7444,L7427""",
Th,1,"=""699.4736""","=""0.0005""","=""450""","=""""",,"=""17501.17592""","=""31793.69851""","=""5f.6d2.7s""","=""5I*""","=""5""","=""""","=""""","=""4""",,"=""""","=""L3552""",
Th,1,"=""699.5141""","=""0.0005""","=""340""","=""""",,"=""21539.59257""","=""35831.2890""","=""""","=""*""","=""4""","=""""","=""""","=""3""",,"=""""","=""L3552""",
Ta,1,"=""699.522""","=""""","=""110D""","=""""",,"=""10690.32""","=""24981.85""","=""5d3.6s2""","=""a 2G""","=""9/2""","=""5d3.6s.(5F).6p""","=""z 4F*""","=""7/2""",,"=""""","=""L3475""",
Ta,1,"=""699.549""","=""""","=""110D""","=""""",,"=""6049.42""","=""20340.39""","=""5d3.6s2""","=""a 4P""","=""1/2""","=""5d2.6s2.(3P).6p""","=""z 2S*""","=""1/2""",,"=""""","=""L3475""",
Th,2,"=""699.5930""","=""0.0007""","=""52""","=""""",,"=""12472.17734""","=""26762.27344""","=""5f.6d.(3F*).7s""","=""2F*""","=""5/2""","=""5f2.(3F).7s""","=""""","=""3/2""",,"=""""","=""L2372""",
Ac,2,"=""699.609""","=""0.003""","=""120""","=""1.85e+06""",C,"=""19015.283""","=""33304.935""","=""6d2""","=""3P""","=""1""","=""6d.7p""","=""3D*""","=""2""",,"=""T10463""","=""L7344""",
Nb,1,"=""699.611""","=""""","=""17c""","=""""",,"=""""","=""""","=""""","=""""","=""""","=""""","=""""","=""""",,"=""""","=""L3475""",
Th,1,"=""699.6202""","=""0.0005""","=""36""","=""""",,"=""18809.88631""","=""33099.41329""","=""6d2.7s.7p""","=""5G*""","=""4""","=""""","=""""","=""3""",,"=""""","=""L3552""",
Cu,2,"=""699.6556""","=""0.0005""","=""1400""","=""""",,"=""122745.9491""","=""137034.778""","=""3d9.(2D<3/2>).5p""","=""2[5/2]*""","=""2""","=""3d9.(2D<5/2>).5d""","=""2[7/2]""","=""3""",,"=""""","=""L869c171""",
Ti,1,"=""699.6637""","=""0.0006""","=""41""","=""""",,"=""18825.782""","=""33114.420""","=""3d3.(4P).4s""","=""c 3P""","=""1""","=""3d3.(4P).4p""","=""x 3P*""","=""2""",,"=""""","=""L10989""",
Th,1,"=""699.67573""","=""0.00011""","=""80""","=""""",,"=""8111.004545""","=""22399.39666""","=""6d2.7s2""","=""1G""","=""4""","=""5f.6d2.7s""","=""3I*""","=""5""",,"=""""","=""L5951""",
Gd,2,"=""699.676""","=""""","=""60""","=""""",,"=""""","=""""","=""""","=""""","=""""","=""""","=""""","=""""",,"=""""","=""L3475""",
Co,2,"=""699.7316""","=""0.0003""","=""140""","=""1.9e+07""",C+,"=""97062.844""","=""111350.080""","=""3d7.(4F).5p""","=""3F*""","=""4""","=""3d7.(4F).5d""","=""3G""","=""5""",,"=""T6999""","=""L9429c118""",
Th,1,"=""699.74130""","=""0.00009""","=""130""","=""""",,"=""14243.993748""","=""28531.05121""","=""5f.6d.7s2""","=""3P*""","=""1""","=""6d4""","=""""","=""2""",,"=""""","=""L5951""",
Ti,1,"=""699.7458""","=""0.0006""","=""3""","=""""",,"=""11639.8109""","=""25926.771""","=""3d3.(4F).4s""","=""b 3F""","=""3""","=""3d2.(3P).4s.4p.(3P*)""","=""5D*""","=""4""",,"=""""","=""L10989""",
Dy,1,"=""699.810""","=""""","=""45""","=""""",,"=""""","=""""","=""""","=""""","=""""","=""""","=""""","=""""",,"=""""","=""L3475""",
Th,1,"=""699.8247""","=""0.0005""","=""450""","=""""",,"=""15970.09583""","=""30255.45106""","=""6d3.(2D2).7s""","=""""","=""3""","=""""","=""*""","=""3""",,"=""""","=""L3552""",
Si,4,"=""699.836""","=""""","=""3w*""","=""3.65e+06""",B+,"=""313914.92""","=""328200.04""","=""2p6.6d""","=""2D""","=""5/2""","=""2p6.7f""","=""2F*""","=""5/2""",,"=""c33""","=""L6098""",
Si,4,"=""699.836""","=""""","=""3w*""","=""5.48e+07""",A,"=""313914.92""","=""328200.04""","=""2p6.6d""","=""2D""","=""5/2""","=""2p6.7f""","=""2F*""","=""7/2""",,"=""c33""","=""L6098""",
Si,4,"=""699.836""","=""""","=""3w*""","=""5.11e+07""",A,"=""313914.92""","=""328200.04""","=""2p6.6d""","=""2D""","=""3/2""","=""2p6.7f""","=""2F*""","=""5/2""",,"=""c33""","=""L6098""",
Rn,1,"=""699.890""","=""""","=""10""","=""""",,"=""""","=""""","=""""","=""""","=""""","=""""","=""""","=""""",,"=""""","=""L7432""",
Ag,2,"=""699.891""","=""0.020""","=""200""","=""""",,"=""134799.164""","=""149082.86""","=""4d8.(3F).5s.5p.(3P*)""","=""5D*""","=""1""","=""4d9.(2D<3/2>).7s""","=""2[3/2]""","=""1""",,"=""""","=""L647c114""",
Ti,2,"=""699.89305""","=""0.00015""","=""37""","=""""",,"=""25192.9650""","=""39476.9244""","=""3d.4s2""","=""c 2D""","=""5/2""","=""3d2.(1D).4p""","=""y 2D*""","=""5/2""",,"=""""","=""u37""",
Mo,1,"=""699.9118""","=""""","=""12""","=""1.15e+06""",B,"=""26414.806""","=""40698.382""","=""4d5.(4P).5s""","=""b 3P""","=""1""","=""4d5.(4P).5p""","=""x 5D*""","=""1""",,"=""T5293""","=""L10250,L3475""",
Th,3,"=""699.92706""","=""0.00005""","=""330""","=""""",,"=""7500.60523""","=""21783.86935""","=""5f.7s""","=""*""","=""3""","=""5f2""","=""3F""","=""4""",,"=""""","=""L5951""",
Th,1,"=""699.96238""","=""0.00008""","=""140""","=""""",,"=""18011.38030""","=""32293.92422""","=""5f.6d2.7s""","=""5H*""","=""5""","=""""","=""""","=""5""",,"=""""","=""L5951""",
Ga,2,"=""699.9668""","=""0.00074""","=""8hfs""","=""""",,"=""118727.870""","=""133010.30""","=""4s.5p""","=""3P*""","=""2""","=""4s.6s""","=""3S""","=""1""",,"=""""","=""L12180""",
Yb,2,"=""699.988""","=""""","=""20""","=""""",,"=""""","=""""","=""""","=""""","=""""","=""""","=""""","=""""",,"=""""","=""L3475""",
Fe,1,"=""699.98836""","=""0.00015""","=""71""","=""4.7e+05""",D,"=""33095.941""","=""47377.955""","=""3d7.(4F).4p""","=""y 5D*""","=""4""","=""3d7.(4F).5s""","=""e 5F""","=""4""",,"=""T2578n""","=""L11631""",
Cu,1,"=""700.005""","=""0.014""","=""2h""","=""""",,"=""43137.229""","=""57419.24""","=""3d10.5s""","=""2S""","=""1/2""","=""3d10.7p""","=""2P*""","=""1/2""",,"=""""","=""L772""",
Ti,1,"=""700.0141""","=""0.0006""","=""2""","=""""",,"=""19937.855""","=""34219.338""","=""3d2.(3F).4s.4p.(3P*)""","=""z 3D*""","=""1""","=""3d4""","=""3P2""","=""0""",,"=""""","=""L10989""",
Ta,1,"=""700.021""","=""""","=""20""","=""""",,"=""23912.89""","=""38194.22""","=""5d4.(3G).6s""","=""a 4G""","=""9/2""","=""5d3.6s.(3H).6p""","=""z 4H*?""","=""11/2""",,"=""""","=""L3475""",
Gd,2,"=""700.075""","=""""","=""17""","=""""",,"=""""","=""""","=""""","=""""","=""""","=""""","=""""","=""""",,"=""""","=""L3475""",
Kr,1,"=""700.079""","=""""","=""7""","=""4.1e+05""",D+,"=""94092.8626""","=""108373.0423""","=""4s2.4p5.(2P*<3/2>).5p""","=""2[1/2]""","=""0""","=""4s2.4p5.(2P*<3/2>).8s""","=""2[3/2]*""","=""1""",,"=""T3600n,u41""","=""L7408""",
Th,1,"=""700.080362""","=""0.000004""","=""7800""","=""""",,"=""9804.806547""","=""24084.94271""","=""6d3.(4F).7s""","=""5F""","=""5""","=""6d2.7s.7p""","=""5G*""","=""6""",,"=""""","=""L18702""",
Er,1,"=""700.140""","=""""","=""22""","=""""",,"=""""","=""""","=""""","=""""","=""""","=""""","=""""","=""""",,"=""""","=""L3475""",
Ar,2,"=""700.144""","=""0.002""","=""0.5""","=""""",,"=""190942.7220""","=""205221.512""","=""3s2.3p4.(3P).5p""","=""2S*""","=""1/2""","=""3s2.3p4.(3P).5d""","=""2P""","=""3/2""",,"=""""","=""L14821""",
W,1,"=""700.156""","=""""","=""2""","=""""",,"=""""","=""""","=""""","=""""","=""""","=""""","=""""","=""""",,"=""""","=""L153""",
Rh,1,"=""700.158""","=""""","=""16""","=""""",,"=""16118.69""","=""30397.27""","=""4d7.5s2""","=""b 4F""","=""5/2""","=""4d8.(3F).5p""","=""z 4D*""","=""3/2""",,"=""""","=""L3475""",
Mo,1,"=""700.1603""","=""""","=""16""","=""5.9e+05""",B+,"=""19969.847""","=""34248.354""","=""4d5.(4D).5s""","=""b 5D""","=""0""","=""4d4.5s.(6D).5p""","=""z 5F*""","=""1""",,"=""T5293""","=""L10250,L3475""",
O,1,"=""700.192""","=""""","=""360""","=""2.65e+06""",B,"=""88630.587""","=""102908.443""","=""2s2.2p3.(4S*).3p""","=""3P""","=""1""","=""2s2.2p3.(4S*).4d""","=""3D*""","=""2""",,"=""T5803,LS""","=""L3760""",
O,1,"=""700.223""","=""""","=""450""","=""3.53e+06""",B,"=""88631.146""","=""102908.374""","=""2s2.2p3.(4S*).3p""","=""3P""","=""2""","=""2s2.2p3.(4S*).4d""","=""3D*""","=""3""",,"=""T5803,LS""","=""L3760""",
Tc,1,"=""700.2375""","=""""","=""150""","=""""",,"=""17328.02""","=""31605.00""","=""4d6.(3H).5s""","=""4H""","=""9/2""","=""4d6.(5D).5p""","=""4F*""","=""7/2""",,"=""""","=""L149""",
W,1,"=""700.270""","=""""","=""10""","=""""",,"=""23930.08""","=""38206.38""","=""5d5.(4D).6s""","=""5D""","=""3""","=""""","=""*""","=""3""",,"=""""","=""L153""",
Th,1,"=""700.288224""","=""0.000020""","=""990""","=""""",,"=""14204.26476""","=""28480.16113""","=""6d3.(2G).7s""","=""""","=""5""","=""""","=""*""","=""4""",,"=""""","=""L18702""",
Hf,1,"=""700.2940""","=""0.0015""","=""51""","=""""",,"=""26918.146""","=""41193.944""","=""5d3.(b 2P).6s""","=""c 3P""","=""1""","=""5d2.(a 3P).6s.(a 2P).6p""","=""w 3P*""","=""1""",,"=""""","=""L16323""",
Xe,1,"=""700.310""","=""0.001""","=""4""","=""""",,"=""78403.061""","=""92678.516""","=""5p5.(2P*<3/2>).6p""","=""2[5/2]""","=""3""","=""5p5.(2P*<3/2>).7d""","=""2[5/2]*""","=""2""",,"=""""","=""L4739""",
S,4,"=""700.3274""","=""""","=""4w""","=""6.12e+07""",C,"=""271020.9""","=""285296.0""","=""3s2.5s""","=""2S""","=""1/2""","=""3s2.5p""","=""2P*""","=""3/2""",,"=""T6527c4,LS""","=""u24""",
V,2,"=""700.3463""","=""0.0012""","=""89""","=""""",,"=""76521.357""","=""90796.047""","=""3d3.(4F).4d""","=""5D""","=""3""","=""3d3.(4F<9/2>).4f""","=""2[7/2]*""","=""3""",,"=""""","=""L10089c179""",
Si,1,"=""700.3567""","=""""","=""180""","=""3.42e+06""",D+,"=""48102.323""","=""62376.820""","=""3s2.3p.4p""","=""3D""","=""2""","=""3s2.3p.6d""","=""3F*""","=""3""",,"=""T6066LS""","=""L3521""",
Xe,2,"=""700.396""","=""""","=""50""","=""""",,"=""106906.12""","=""121179.80""","=""5s2.5p4.(3P<1>).6s""","=""2[1]""","=""1/2""","=""5s2.5p4.(3P<1>).6p""","=""2[0]*""","=""1/2""",,"=""""","=""L6925""",
Ti,1,"=""700.4601""","=""0.0006""","=""34""","=""""",,"=""18818.099""","=""33090.497""","=""3d3.(4P).4s""","=""c 3P""","=""0""","=""3d3.(4P).4p""","=""x 3P*""","=""1""",,"=""""","=""L10989""",
Ti,2,"=""700.4687""","=""0.0003""","=""16""","=""""",,"=""24961.1910""","=""39233.4153""","=""3d.4s2""","=""c 2D""","=""3/2""","=""3d2.(1D).4p""","=""z 2P*""","=""3/2""",,"=""""","=""u37""",
Ta,1,"=""700.507""","=""""","=""40""","=""""",,"=""6068.91""","=""20340.39""","=""5d3.6s2""","=""a 4P""","=""3/2""","=""5d2.6s2.(3P).6p""","=""z 2S*""","=""1/2""",,"=""""","=""L3475""",
Br,1,"=""700.5192""","=""0.0014""","=""10000""","=""4.3e+06""",C,"=""64907.19""","=""79178.33""","=""4s2.4p4.(3P<2>).5s""","=""2[2]""","=""3/2""","=""4s2.4p4.(3P<1>).5p""","=""2[1]*""","=""3/2""",,"=""T6936n,T9382""","=""L351""",
V,2,"=""700.5193""","=""0.0017""","=""8.9h*""","=""""",,"=""76281.367""","=""90552.613""","=""3d3.(4F).4d""","=""5D""","=""0""","=""3d3.(4F<7/2>).4f""","=""2[1/2]*""","=""1""",,"=""""","=""L10089c179""",
V,2,"=""700.5193""","=""0.0017""","=""8.9h*""","=""""",,"=""76521.357""","=""90792.54&dagger;""","=""3d3.(4F).4d""","=""5D""","=""3""","=""3d3.(4F<9/2>).4f""","=""2[5/2]*""","=""2""",,"=""""","=""L10089c179""",
Zr,1,"=""700.546""","=""""","=""10""","=""""",,"=""""","=""""","=""""","=""""","=""""","=""""","=""""","=""""",,"=""""","=""L3475""",
Th,1,"=""700.5825""","=""0.0005""","=""36""","=""""",,"=""19039.153374""","=""33309.04285""","=""6d.7s2.7p""","=""3P*""","=""2""","=""""","=""""","=""2""",,"=""""","=""L3552""",
Ar,5,"=""700.587""","=""0.007""","=""*""","=""5.2e-01""",C,"=""2028.76""","=""16298.66""","=""3s2.3p2""","=""3P""","=""2""","=""3s2.3p2""","=""1D""","=""2""",M1,"=""T335,T761""","=""L16109""",
Ar,5,"=""700.587""","=""0.007""","=""*""","=""1.6e-03""",D,"=""2028.76""","=""16298.66""","=""3s2.3p2""","=""3P""","=""2""","=""3s2.3p2""","=""1D""","=""2""",E2,"=""T761""","=""L16109""",
Si,1,"=""700.5883""","=""""","=""180""","=""3.83e+06""",D+,"=""48264.292""","=""62534.08""","=""3s2.3p.4p""","=""3D""","=""3""","=""3s2.3p.6d""","=""3F*""","=""4""",,"=""T6066LS""","=""L3521""",
Tb,2,"=""700.599""","=""""","=""9""","=""""",,"=""""","=""""","=""""","=""""","=""""","=""""","=""""","=""""",,"=""""","=""L3475""",
Th,1,"=""700.6113""","=""0.0005""","=""230""","=""""",,"=""20054.77119""","=""34324.0836""","=""6d3.(2F).7s""","=""3F""","=""2""","=""""","=""*""","=""2""",,"=""""","=""L3552""",
I,1,"=""700.6156""","=""0.0020""","=""170""","=""""",,"=""66354.9277""","=""80624.176""","=""5s2.5p4.(3P<2>).5d""","=""2[1]""","=""3/2""","=""5s2.5p4.(3P<2>).9p""","=""2[2]*""","=""5/2""",,"=""""","=""L13998""",
Gd,2,"=""700.616""","=""""","=""45""","=""""",,"=""""","=""""","=""""","=""""","=""""","=""""","=""""","=""""",,"=""""","=""L3475""",
Re,1,"=""700.663""","=""""","=""35c,w""","=""""",,"=""""","=""""","=""""","=""""","=""""","=""""","=""""","=""""",,"=""""","=""L3475""",
Th,1,"=""700.6655""","=""0.0005""","=""18""","=""""",,"=""19532.41646""","=""33800.6209""","=""6d3.(2F).7s""","=""3F""","=""4""","=""""","=""*""","=""3""",,"=""""","=""L3552""",
Ta,1,"=""700.696""","=""""","=""75""","=""""",,"=""9975.81""","=""24243.42""","=""5d4.(5D).6s""","=""a 6D""","=""3/2""","=""5d3.6s.(5F).6p""","=""z 6F*""","=""3/2""",,"=""""","=""L3475""",
Th,1,"=""700.70961""","=""0.00007""","=""170""","=""""",,"=""22508.04658""","=""36775.3589""","=""6d2.7s.7p""","=""5P*""","=""2""","=""""","=""""","=""3""",,"=""""","=""L5951""",
Hf,1,"=""700.7360""","=""0.0015""","=""10""","=""""",,"=""31054.653""","=""45321.503""","=""5d3.(b 2F).6s""","=""c 3F""","=""3""","=""5d2.(b 1D).6s.(b 2D).6p""","=""v 3F*""","=""4""",,"=""""","=""L16323""",
Ti,1,"=""700.7954""","=""0.0006""","=""28""","=""""",,"=""17540.188""","=""31805.758""","=""3d3.(2D2).4s""","=""a 3D""","=""3""","=""3d2.(3P).4s.4p.(3P*)""","=""y 3P*""","=""2""",,"=""""","=""L10989""",
Fe,2,"=""700.7969""","=""0.0002""","=""300bl(Fe I)""","=""""",,"=""93840.405""","=""108105.938""","=""3d5.(4D).4s.4p.(3P*)""","=""6D*""","=""3/2""","=""3d6.(3F2).4d""","=""2P""","=""3/2""",,"=""""","=""L18349c148""",
Fe,1,"=""700.7970""","=""0.0004""","=""30""","=""""",,"=""33695.397""","=""47960.940""","=""3d7.(4F).4p""","=""y 5F*""","=""5""","=""3d7.(4F).5s""","=""e 3F""","=""4""",,"=""""","=""L11631""",
Th,2,"=""700.8051""","=""0.0007""","=""54""","=""""",,"=""20288.5750""","=""34553.9543""","=""5f.(2F*).6d2.(1G)""","=""*""","=""11/2""","=""5f.7s.(3F*).7p""","=""""","=""9/2""",,"=""""","=""L2372""",
Ti,1,"=""700.8373""","=""0.0006""","=""25""","=""""",,"=""18825.782""","=""33090.497""","=""3d3.(4P).4s""","=""c 3P""","=""1""","=""3d3.(4P).4p""","=""x 3P*""","=""1""",,"=""""","=""L10989""",
Y,1,"=""700.89287""","=""""","=""13h""","=""""",,"=""19147.983""","=""33411.566""","=""4d.5s.(3D).5p""","=""z 4P*""","=""5/2""","=""4d.5s.(3D).6s""","=""e 4D""","=""5/2""",,"=""""","=""L7610,L3475""",
Hg,1,"=""700.92""","=""0.03""","=""4""","=""""",,"=""68886.43""","=""83149.7""","=""5d9.6s2.(2D<5/2>).6p""","=""2[3/2]*""","=""2""","=""5d10.6s.15s""","=""3S""","=""1""",,"=""""","=""L7590c86""",
V,2,"=""700.9638""","=""0.0012""","=""350""","=""""",,"=""76322.694""","=""90584.833&dagger;""","=""3d3.(4F).4d""","=""5D""","=""1""","=""3d3.(4F<7/2>).4f""","=""2[1/2]*""","=""0""",,"=""""","=""L10089c179""",
W,1,"=""700.968""","=""""","=""8""","=""""",,"=""29479.32""","=""43741.37""","=""5d4.6s2""","=""3F1""","=""4""","=""""","=""*""","=""5""",,"=""""","=""L153""",
Y,1,"=""700.9883""","=""""","=""10""","=""4.4e+06""",C,"=""18976.366""","=""33238.011""","=""4d.5s.(3D).5p""","=""z 4P*""","=""1/2""","=""4d.5s.(3D).6s""","=""e 4D""","=""3/2""",,"=""T4373""","=""L7610,L3475""",
I,1,"=""701.0198""","=""0.0020""","=""530""","=""""",,"=""66354.9277""","=""80615.983""","=""5s2.5p4.(3P<2>).5d""","=""2[1]""","=""3/2""","=""5s2.5p4.(3P<2>).9p""","=""2[2]*""","=""3/2""",,"=""""","=""L13998""",
Sc,1,"=""701.020""","=""0.002""","=""6""","=""""",,"=""""","=""""","=""""","=""""","=""""","=""""","=""""","=""""",,"=""""","=""L4189c12""",
Hf,1,"=""701.0690""","=""0.0015""","=""150""","=""""",,"=""25444.379""","=""39704.402""","=""5d3.(b 2P).6s""","=""c 3P""","=""0""","=""5d2.(a 3P).6s.(a 2P).6p""","=""u 3D*""","=""1""",,"=""""","=""L16323""",
Tm,1,"=""701.079""","=""0.0020""","=""50""","=""""",,"=""31454.298""","=""45714.11""","=""4f12.(3F<4>).6s2.6p<3/2>""","=""(4,3/2)*""","=""9/2""","=""""","=""""","=""11/2""",,"=""""","=""L2006,L3475""",
Nd,2,"=""701.080""","=""""","=""17h""","=""""",,"=""22358.065""","=""36618.040""","=""""","=""*""","=""9/2""","=""4f3.5d.6p""","=""""","=""11/2""",,"=""""","=""L3475""",
Se,1,"=""701.0809""","=""""","=""200""","=""""",,"=""""","=""""","=""""","=""""","=""""","=""""","=""""","=""""",,"=""""","=""L1791""",
Ti,1,"=""701.1001""","=""0.0006""","=""31""","=""""",,"=""18825.782""","=""33085.151""","=""3d3.(4P).4s""","=""c 3P""","=""1""","=""3d3.(4P).4p""","=""x 3P*""","=""0""",,"=""""","=""L10989""",
Fe,1,"=""701.1343""","=""0.0004""","=""20""","=""""",,"=""37045.934""","=""51304.604""","=""3d7.(2F).4s""","=""d 3F""","=""4""","=""3d7.(2D2).4p""","=""v 3F*""","=""4""",,"=""""","=""L11631""",
W,1,"=""701.140""","=""""","=""6""","=""""",,"=""32238.02""","=""46496.62""","=""""","=""*""","=""3""","=""5d4.6s.(6D).7s""","=""7D""","=""3""",,"=""""","=""L153""",
Pt,1,"=""701.2016""","=""0.0015""","=""400""","=""""",,"=""50010.1497""","=""64267.433""","=""5d8.6s.(2F).6p""","=""a 3F*""","=""4""","=""5d8.(3F<4>).6s.6d.(3D<?>)""","=""a (4,?)""","=""5""",,"=""""","=""L17515c164""",
Ti,2,"=""701.26761""","=""0.00020""","=""26""","=""""",,"=""67822.5867""","=""82078.561""","=""3d2.(3F).4d""","=""e 2G""","=""9/2""","=""3d2.(3F).4f""","=""4G*""","=""9/2""",,"=""""","=""u37""",
Th,1,"=""701.3171""","=""0.0005""","=""4""","=""""",,"=""18699.62342""","=""32954.5879""","=""5f.7s2.7p""","=""3F""","=""2""","=""""","=""*""","=""2""",,"=""""","=""L3552""",
Ti,2,"=""701.3215""","=""0.0004""","=""11""","=""""",,"=""67606.1621""","=""81861.0276""","=""3d2.(3F).4d""","=""e 2G""","=""7/2""","=""3d2.(3F).4f""","=""4G*""","=""7/2""",,"=""""","=""u37""",
W,1,"=""701.338""","=""""","=""1""","=""""",,"=""""","=""""","=""""","=""""","=""""","=""""","=""""","=""""",,"=""""","=""L153""",
Th,1,"=""701.3617""","=""0.0005""","=""36""","=""""",,"=""5563.141519""","=""19817.18191""","=""6d3.(4F).7s""","=""5F""","=""1""","=""6d2.7s.7p""","=""5P*""","=""1""",,"=""""","=""L3552""",
Se,1,"=""701.3875""","=""""","=""150""","=""""",,"=""""","=""""","=""""","=""""","=""""","=""""","=""""","=""""",,"=""""","=""L1791""",
Np,1,"=""701.402""","=""""","=""300""","=""""",,"=""""","=""""","=""""","=""""","=""""","=""""","=""""","=""""",,"=""""","=""L3793""",
Ti,1,"=""701.4282""","=""0.0006""","=""2""","=""""",,"=""25388.331""","=""39641.021""","=""3d2.(3F).4s.4p.(1P*)""","=""y 3F*""","=""4""","=""3d3.(4F).5s""","=""f 3F""","=""3""",,"=""""","=""L10989""",
Hf,1,"=""701.4290""","=""0.0015""","=""100""","=""6.e+03""",E,"=""10532.5690""","=""24785.2649""","=""5d2.6s2""","=""a 1G""","=""4""","=""5d2.(a 3F).6s.(a 4F).6p""","=""z 5F*""","=""4""",,"=""T5346""","=""L16323""",
Tm,2,"=""701.431""","=""""","=""6w""","=""""",,"=""""","=""""","=""""","=""""","=""""","=""""","=""""","=""""",,"=""""","=""L3475""",
W,1,"=""701.452""","=""""","=""3w""","=""""",,"=""""","=""""","=""""","=""""","=""""","=""""","=""""","=""""",,"=""""","=""L153""",
Th,1,"=""701.4873""","=""0.0005""","=""230""","=""""",,"=""15166.900593""","=""29418.39044""","=""6d2.7s.7p""","=""5G*""","=""3""","=""""","=""""","=""2""",,"=""""","=""L3552""",
Th,1,"=""701.49689""","=""0.00005""","=""360""","=""""",,"=""15493.21943""","=""29744.51997""","=""6d3.(2H).7s""","=""3H""","=""4""","=""""","=""*""","=""3""",,"=""""","=""L5951""",
Th,1,"=""701.53172""","=""0.00004""","=""390""","=""""",,"=""10414.13700""","=""24664.72970""","=""5f.6d.7s2""","=""1G*""","=""4""","=""5f.6d.7s.7p""","=""5F""","=""3""",,"=""""","=""L18702""",
Ti,3,"=""701.538""","=""""","=""12""","=""5.8e+07""",D,"=""135405.27""","=""149655.77""","=""3p6.3d.4d""","=""1D""","=""2""","=""3p6.3d.5p""","=""1F*""","=""3""",,"=""T1216""","=""L3593""",
V,2,"=""701.5491""","=""0.0023""","=""30h""","=""""",,"=""38517.085""","=""52767.3745""","=""3d2.4s2""","=""e 3F""","=""4""","=""3d3.(4P).4p""","=""x 3D*""","=""3""",,"=""""","=""L8201c179""",
W,1,"=""701.576""","=""""","=""8""","=""""",,"=""33291.80""","=""47541.56""","=""5d5.(2I).6s""","=""1I""","=""6""","=""""","=""*""","=""6""",,"=""""","=""L153""",
Te,2,"=""701.606""","=""0.018""","=""150""","=""""",,"=""81895.43""","=""96144.74""","=""5s2.5p2.(3P).5d""","=""2P""","=""3/2""","=""5s2.5p2.(3P).6p""","=""4D*""","=""3/2""",,"=""""","=""L3546""",
W,1,"=""701.622""","=""""","=""8""","=""""",,"=""36874.36""","=""51123.14""","=""""","=""*""","=""3""","=""5d4.6s.(6D).7s""","=""5D""","=""4""",,"=""""","=""L153""",
Fe,1,"=""701.63916""","=""0.00015""","=""79""","=""1.2e+06""",D,"=""33507.123""","=""47755.537""","=""3d7.(4F).4p""","=""y 5D*""","=""3""","=""3d7.(4F).5s""","=""e 5F""","=""3""",,"=""T2578n""","=""L11631""",
Pd,1,"=""701.6446""","=""""","=""11""","=""""",,"=""38088.192""","=""52336.492""","=""4d9.(2D<3/2>).5p""","=""2[1/2]*""","=""0""","=""4d9.(2D<3/2>).6s""","=""2[3/2]""","=""1""",,"=""""","=""L9430""",
Tc,1,"=""701.6574""","=""""","=""100""","=""""",,"=""16133.98""","=""30382.06""","=""4d5.5s2""","=""4G""","=""9/2""","=""4d6.(5D).5p""","=""6F*""","=""7/2""",,"=""""","=""L149""",
Gd,1,"=""701.660""","=""""","=""10""","=""""",,"=""""","=""""","=""""","=""""","=""""","=""""","=""""","=""""",,"=""""","=""L3475""",
Cs,2,"=""701.67131""","=""0.00005""","=""11000""","=""""",,"=""152558.4033""","=""166806.1612""","=""5p5.(2P*<3/2>).6d""","=""2[7/2]*""","=""4""","=""5p5.(2P*<3/2>).5f""","=""2[9/2]""","=""4""",,"=""""","=""L12126""",
Xe,2,"=""701.706""","=""""","=""80""","=""""",,"=""107381.74""","=""121628.82""","=""5s2.5p4.(3P<0>).5d""","=""2[2]""","=""3/2""","=""5s2.5p4.(3P<0>).6p""","=""2[1]*""","=""3/2""",,"=""""","=""L6925""",
Si,1,"=""701.728""","=""""","=""30""","=""""",,"=""""","=""""","=""""","=""""","=""""","=""""","=""""","=""""",,"=""""","=""L3521""",
Ti,3,"=""701.731""","=""""","=""0""","=""1.2e+07""",D,"=""168030.15""","=""182276.75""","=""3p6.3d.5d""","=""3D""","=""2""","=""3p6.3d.5f""","=""3P*""","=""1""",,"=""T1216""","=""L3593""",
Dy,1,"=""701.742""","=""""","=""20""","=""""",,"=""""","=""""","=""""","=""""","=""""","=""""","=""""","=""""",,"=""""","=""L3475""",
Si,1,"=""701.7646""","=""""","=""90""","=""""",,"=""""","=""""","=""""","=""""","=""""","=""""","=""""","=""""",,"=""""","=""L3521""",
W,1,"=""701.788""","=""""","=""20""","=""""",,"=""28204.20""","=""42449.60""","=""5d5.(4F).6s""","=""5F""","=""2""","=""""","=""*""","=""2""",,"=""""","=""L153""",
Tm,1,"=""701.790""","=""0.0020""","=""100""","=""""",,"=""26448.274""","=""40693.63""","=""4f13.(2F*<7/2>).5d.6s.(1D)""","=""1[5/2]*""","=""5/2""","=""4f13.(2F*<7/2>).5d.6p.(3F*<3>)""","=""(7/2,3)""","=""3/2""",,"=""""","=""L2006,L3475""",
I,1,"=""701.8218""","=""0.0003""","=""3600""","=""""",,"=""65669.8213""","=""79914.5227""","=""5s2.5p4.(3P<2>).6p""","=""2[3]*""","=""7/2""","=""5s2.5p4.(3P<2>).9s""","=""2[2]""","=""5/2""",,"=""""","=""L20632,L13998""",
Hf,1,"=""701.8220""","=""0.0015""","=""15""","=""""",,"=""""","=""""","=""""","=""""","=""""","=""""","=""""","=""""",,"=""""","=""L16323""",
I,1,"=""701.8442""","=""0.0003""","=""730""","=""""",,"=""64906.1234""","=""79150.374""","=""5s2.5p4.(3P<2>).6p""","=""2[2]*""","=""5/2""","=""5s2.5p4.(3P<2>).7d""","=""2[4]""","=""7/2""",,"=""""","=""L20632,L13998""",
Th,1,"=""701.856742""","=""0.000004""","=""9800""","=""""",,"=""0.000000""","=""14243.993748""","=""6d2.7s2""","=""3F""","=""2""","=""5f.6d.7s2""","=""3P*""","=""1""",,"=""""","=""L18702""",
Th,1,"=""701.8784""","=""0.0005""","=""13""","=""""",,"=""19588.36224""","=""33831.88538""","=""6d2.7s.7p""","=""5G*""","=""5""","=""""","=""""","=""4""",,"=""""","=""L3552""",
Nd,2,"=""701.885""","=""""","=""8""","=""""",,"=""8420.320""","=""22663.710""","=""4f4.(5I).5d""","=""6I""","=""9/2""","=""""","=""*""","=""9/2""",,"=""""","=""L3475""",
Np,1,"=""701.891""","=""""","=""300l""","=""""",,"=""""","=""""","=""""","=""""","=""""","=""""","=""""","=""""",,"=""""","=""L3793""",
Xe,1,"=""701.902""","=""0.001""","=""30""","=""3.5e+05""",C,"=""78403.061""","=""92646.125""","=""5p5.(2P*<3/2>).6p""","=""2[5/2]""","=""3""","=""5p5.(2P*<3/2>).7d""","=""2[7/2]*""","=""3""",,"=""T5099""","=""L4739""",
Hf,1,"=""701.9250""","=""0.0015""","=""250""","=""""",,"=""29246.6760""","=""43489.327""","=""5d2.(a 3F).6s.(a 4F).6p""","=""z 3G*""","=""4""","=""5d2.(3F).6s.(a 4F).7s""","=""d 3F""","=""3""",,"=""""","=""L16323""",
Th,1,"=""701.9970""","=""0.0005""","=""18""","=""""",,"=""14032.085336""","=""28273.21842""","=""6d.7s2.7p""","=""3D*""","=""2""","=""""","=""""","=""2""",,"=""""","=""L3552""",
W,1,"=""702.026""","=""""","=""8""","=""""",,"=""24789.66""","=""39030.25""","=""5d4.6s2""","=""1D2""","=""2""","=""""","=""*""","=""2""",,"=""""","=""L153""",
Sm,2,"=""702.044""","=""""","=""90""","=""""",,"=""""","=""""","=""""","=""""","=""""","=""""","=""""","=""""",,"=""""","=""L3475""",
Th,1,"=""702.04841""","=""0.00010""","=""100""","=""""",,"=""15493.21943""","=""29733.32304""","=""6d3.(2H).7s""","=""3H""","=""4""","=""""","=""*""","=""5""",,"=""""","=""L5951""",
Nd,2,"=""702.092""","=""""","=""17""","=""""",,"=""14301.805""","=""28540.945""","=""4f4.(5I).5d""","=""4L""","=""17/2""","=""""","=""*""","=""15/2""",,"=""""","=""L3475""",
Th,1,"=""702.12833""","=""0.00005""","=""430""","=""""",,"=""15970.09583""","=""30208.5794""","=""6d3.(2D2).7s""","=""""","=""3""","=""""","=""*""","=""2""",,"=""""","=""L5951""",
Pr,2,"=""702.151""","=""""","=""40*""","=""2.6e+06""",C+,"=""11418.52""","=""25656.69&dagger;""","=""4f3.(4I*).5d""","=""3L*""","=""7""","=""4f3.(4I*).6p""","=""5I""","=""6""",,"=""T8137""","=""L3475""",
Pr,2,"=""702.151""","=""""","=""40*""","=""""",,"=""7438.23""","=""21676.12""","=""4f3.(4I*).5d""","=""3I*""","=""5""","=""4f2.5d.6s?""","=""""","=""5""",,"=""""","=""L3475""",
Th,1,"=""702.1668""","=""0.0005""","=""13""","=""""",,"=""23655.13881""","=""37892.8248""","=""""","=""*""","=""4""","=""5f.6d2.7p ""","=""5I""","=""4""",,"=""""","=""L3552""",
Th,1,"=""702.1899""","=""0.0005""","=""180""","=""""",,"=""17959.89498""","=""32197.1148""","=""6d3.(4F).7s""","=""3F""","=""4""","=""""","=""*""","=""3""",,"=""""","=""L3552""",
Hg,1,"=""702.2""","=""0.1""","=""0""","=""""",,"=""69516.576""","=""83753.3""","=""5d10.6s.7p""","=""3P*""","=""0""","=""5d10.6s.19d""","=""3D""","=""1""",,"=""""","=""L15188c86""",
Kr,2,"=""702.256""","=""""","=""2H""","=""""",,"=""150201.68""","=""164437.45""","=""4s2.4p4.(1D).5p""","=""2P*""","=""3/2""","=""4s2.4p4.(3P).5d""","=""4P""","=""1/2""",,"=""""","=""L7386""",
Cu,2,"=""702.2859""","=""0.0004""","=""2800""","=""""",,"=""121524.8509""","=""135760.1548""","=""3d8.(3F).4s.4p.(3P*)""","=""1F*""","=""3""","=""3d9.(2D<3/2>).6s""","=""2[3/2]""","=""2""",,"=""""","=""L869c171""",
Fe,1,"=""702.29535""","=""0.00015""","=""79""","=""1.7e+06""",D,"=""33801.572""","=""48036.673""","=""3d7.(4F).4p""","=""y 5D*""","=""2""","=""3d7.(4F).5s""","=""e 5F""","=""2""",,"=""T2578n""","=""L11631""",
Th,1,"=""702.31487""","=""0.00008""","=""150""","=""""",,"=""19039.153374""","=""33273.8588""","=""6d.7s2.7p""","=""3P*""","=""2""","=""""","=""""","=""1""",,"=""""","=""L5951""",
Nb,1,"=""702.348""","=""""","=""21""","=""""",,"=""""","=""""","=""""","=""""","=""""","=""""","=""""","=""""",,"=""""","=""L3475""",
Th,1,"=""702.35276""","=""0.00005""","=""360""","=""""",,"=""16554.24283""","=""30788.17715""","=""6d3.(2H).7s""","=""3H""","=""6""","=""""","=""*""","=""5""",,"=""""","=""L18702""",
Th,1,"=""702.3636""","=""0.0005""","=""120""","=""""",,"=""11877.839132""","=""26111.53886""","=""6d.7s2.7p""","=""3D*""","=""1""","=""""","=""""","=""1""",,"=""""","=""L3552""",
La,1,"=""702.367""","=""""","=""75""","=""1.07e+07""",B+,"=""8052.162""","=""22285.77""","=""5d2.(3F).6s""","=""2F""","=""7/2""","=""5d2.(3F).6p""","=""2G*""","=""9/2""",,"=""T9460""","=""L3475""",
Th,1,"=""702.3776""","=""0.0005""","=""37""","=""""",,"=""11802.93238""","=""26036.34930""","=""6d3.(4P).7s""","=""5P""","=""2""","=""""","=""*""","=""3""",,"=""""","=""L3552""",
Ne,1,"=""702.40500""","=""0.00004""","=""34000""","=""1.89e+06""",B+,"=""135888.7173""","=""150121.5922""","=""2s2.2p5.(2P*<1/2>).3s""","=""2[1/2]*""","=""1""","=""2s2.2p5.(2P*<3/2>).3p""","=""2[3/2]""","=""1""",,"=""T2733""","=""L3451""",
Re,1,"=""702.415""","=""""","=""65c,w""","=""""",,"=""""","=""""","=""""","=""""","=""""","=""""","=""""","=""""",,"=""""","=""L3475""",
Pr,1,"=""702.453""","=""""","=""10""","=""""",,"=""""","=""""","=""""","=""""","=""""","=""""","=""""","=""""",,"=""""","=""L3475""",
Nd,2,"=""702.458""","=""""","=""17""","=""""",,"=""2585.460""","=""16817.230""","=""4f4.(5I).6s""","=""6I""","=""13/2""","=""4f3.5d2""","=""4K*""","=""11/2""",,"=""""","=""L3475""",
Th,1,"=""702.48953""","=""0.00009""","=""110""","=""""",,"=""20543.84624""","=""34775.0059""","=""6d.7s2.7p""","=""3P*""","=""0""","=""""","=""""","=""1""",,"=""""","=""L5951""",
Ta,1,"=""702.503""","=""""","=""50""","=""""",,"=""10950.22""","=""25181.12""","=""5d3.6s2""","=""a 2P""","=""3/2""","=""5d3.6s.(5F).6p""","=""z 6F*""","=""5/2""",,"=""""","=""L3475""",
Th,1,"=""702.5188""","=""0.0005""","=""18""","=""""",,"=""22855.29928""","=""37085.8553""","=""""","=""*""","=""3""","=""""","=""""","=""4""",,"=""""","=""L3552""",
Th,1,"=""702.5379""","=""0.0005""","=""4""","=""""",,"=""15618.98461""","=""29849.16255""","=""5f.6d2.7s""","=""5H*""","=""3""","=""""","=""""","=""4""",,"=""""","=""L3552""",
V,1,"=""702.6048""","=""0.0002""","=""100000""","=""""",,"=""19078.112""","=""33306.943""","=""3d4.(3F2).4s""","=""a 2F""","=""7/2""","=""3d3.(2G).4s.4p.(3P*)""","=""y 2G*""","=""9/2""",,"=""""","=""L15916""",
Hf,1,"=""702.6240""","=""0.0015""","=""5""","=""""",,"=""31619.988""","=""45848.407""","=""5d3.(b 2F).6s""","=""c 3F""","=""2""","=""""","=""4585*""","=""2""",,"=""""","=""L16323""",
Th,1,"=""702.64617""","=""0.00007""","=""170""","=""""",,"=""8111.004545""","=""22338.99484""","=""6d2.7s2""","=""1G""","=""4""","=""5f.6d2.7s""","=""5G*""","=""3""",,"=""""","=""L5951""",
Cs,1,"=""702.66801""","=""0.00011""","=""100""","=""""",,"=""14499.2568""","=""28726.8123""","=""5p6.5d""","=""2D""","=""3/2""","=""5p6.10p""","=""2P*""","=""1/2""",,"=""""","=""L5791""",
Zr,1,"=""702.740""","=""""","=""100""","=""""",,"=""""","=""""","=""""","=""""","=""""","=""""","=""""","=""""",,"=""""","=""L3475""",
W,1,"=""702.789""","=""""","=""5""","=""""",,"=""""","=""""","=""""","=""""","=""""","=""""","=""""","=""""",,"=""""","=""L153""",
Ru,1,"=""702.798""","=""""","=""26""","=""""",,"=""28890.47""","=""43115.47""","=""4d7.(a 4F).5p""","=""z 5F*""","=""3""","=""4d7.(a 4F).6s""","=""e 3F""","=""3""",,"=""""","=""L3475""",
Ti,2,"=""702.7987""","=""0.0004""","=""11""","=""""",,"=""67549.2547""","=""81774.158""","=""3d2.(3F).4d""","=""4P""","=""3/2""","=""3d2.(3F).4f""","=""4D*""","=""5/2""",,"=""""","=""u37""",
Th,1,"=""702.80229""","=""0.00007""","=""190""","=""""",,"=""15736.968041""","=""29961.79723""","=""6d2.7s.7p""","=""5F*""","=""1""","=""""","=""""","=""1""",,"=""""","=""L5951""",
Hf,1,"=""702.8240""","=""0.0015""","=""5""","=""""",,"=""33121.5094""","=""47345.946""","=""5d2.(a 3P).6s.(a 4P).6p""","=""z 5P*""","=""2""","=""6p2.(1D).5d.(2G).6s""","=""b 3G""","=""3""",,"=""""","=""L16323""",
Hf,1,"=""702.8520""","=""0.0015""","=""5""","=""""",,"=""""","=""""","=""""","=""""","=""""","=""""","=""""","=""""",,"=""""","=""L16323""",
W,1,"=""702.868""","=""""","=""12""","=""""",,"=""23982.80""","=""38206.38""","=""5d5.(4D).6s""","=""5D""","=""2""","=""""","=""*""","=""3""",,"=""""","=""L153""",
Hf,1,"=""702.8930""","=""0.0015""","=""15""","=""""",,"=""27516.4201""","=""41739.415""","=""5d2.(a 3F).6s.(a 4F).6p""","=""z 5D*""","=""4""","=""5d4""","=""a 5D""","=""3""",,"=""""","=""L16323""",
Tm,1,"=""702.940""","=""0.004""","=""60h""","=""""",,"=""23335.111""","=""37557.25""","=""4f13.(2F*<7/2>).5d.6s.(3D)""","=""3[5/2]*""","=""7/2""","=""4f13.(2F*<7/2>).6s.7p""","=""""","=""7/2""",,"=""""","=""L2006,L3475""",
Pt,1,"=""703.0063""","=""0.0015""","=""540""","=""""",,"=""46419.952""","=""60640.659""","=""5d8.6s.(4P).6p""","=""a 5D*""","=""2""","=""5d9.7s""","=""3D""","=""2""",,"=""""","=""L17515c164""",
B,2,"=""703.020""","=""0.003""","=""4""","=""3.97e+07""",A,"=""129773.83""","=""143994.11""","=""1s2.2s.3s""","=""3S""","=""1""","=""1s2.2s.3p""","=""3P*""","=""2""",,"=""T7096""","=""L12120""",
Ar,1,"=""703.0251""","=""""","=""150""","=""2.67e+06""",C,"=""105462.7596""","=""119683.0821""","=""3s2.3p5.(2P*<3/2>).4p""","=""2[5/2]""","=""3""","=""3s2.3p5.(2P*<3/2>).6s""","=""2[3/2]*""","=""2""",,"=""T1218n""","=""L2634""",
Fe,2,"=""703.02581""","=""0.00007""","=""1500""","=""3.3e+04""",E,"=""92300.269""","=""106520.612""","=""3d5.(4D).4s.4p.(3P*)""","=""6F*""","=""9/2""","=""3d5.4s.(7S).4d""","=""6D""","=""7/2""",,"=""T6892c83""","=""L18349c145""",
Hf,2,"=""703.033""","=""""","=""7""","=""""",,"=""""","=""""","=""""","=""""","=""""","=""""","=""""","=""""",,"=""""","=""L3475""",
Pr,3,"=""703.039""","=""""","=""5000""","=""""",,"=""""","=""""","=""""","=""""","=""""","=""""","=""""","=""""",,"=""""","=""L2466""",
I,1,"=""703.0400""","=""0.0020""","=""130""","=""""",,"=""63186.5971""","=""77406.6276""","=""5s2.5p4.(3P<1>).6s""","=""2[1]""","=""1/2""","=""5s2.5p4.(3P<2>).4f""","=""2[1]*""","=""3/2""",,"=""""","=""L13998""",
W,1,"=""703.050""","=""""","=""10""","=""""",,"=""14976.18""","=""29195.84""","=""5d4.6s2""","=""3D""","=""2""","=""5d4.6s.(6D).6p""","=""5D*""","=""2""",,"=""""","=""L153""",
Lu,1,"=""703.124""","=""""","=""23""","=""""",,"=""23524.24""","=""37742.56""","=""5d.6s.(3D).6p""","=""4D*""","=""7/2""","=""5d.6s.(3D).7s""","=""4D""","=""5/2""",,"=""""","=""L3475""",
Th,1,"=""703.13064""","=""0.00008""","=""130""","=""""",,"=""19503.143490""","=""33721.32901""","=""6d2.7s.7p""","=""5F*""","=""3""","=""""","=""""","=""2""",,"=""""","=""L5951""",
Ti,3,"=""703.140""","=""""","=""2""","=""5.0e+07""",D,"=""168343.62""","=""182561.61""","=""3p6.3d.5d""","=""1P""","=""1""","=""3p6.3d.5f""","=""1P*""","=""1""",,"=""T1216""","=""L3593""",
Th,1,"=""703.1469""","=""0.0005""","=""69""","=""""",,"=""21594.67329""","=""35812.5195""","=""6d3.(2F).7s""","=""1F""","=""3""","=""""","=""*""","=""3""",,"=""""","=""L3552""",
Ta,1,"=""703.151""","=""""","=""13""","=""2.2e+05""",C+,"=""17383.12""","=""31600.95""","=""5d3.6s2""","=""a 2F""","=""7/2""","=""""","=""316*""","=""7/2""",,"=""T4976""","=""L3475""",
W,1,"=""703.156""","=""""","=""2""","=""""",,"=""33952.85""","=""48170.55""","=""5d5.(4D).6s""","=""3D""","=""3""","=""""","=""*""","=""3""",,"=""""","=""L153,L416""",
I,1,"=""703.162""","=""0.004""","=""240w""","=""""",,"=""63186.5971""","=""77404.2088""","=""5s2.5p4.(3P<1>).6s""","=""2[1]""","=""1/2""","=""5s2.5p4.(3P<2>).4f""","=""2[1]*""","=""1/2""",,"=""""","=""L13998""",
B,2,"=""703.190""","=""0.003""","=""3""","=""3.98e+07""",A,"=""129773.83""","=""143990.56""","=""1s2.2s.3s""","=""3S""","=""1""","=""1s2.2s.3p""","=""3P*""","=""1""",,"=""T7096""","=""L12120""",
W,1,"=""703.199""","=""""","=""3""","=""""",,"=""28233.44""","=""42450.24""","=""5d5.(4F).6s""","=""5F""","=""5""","=""""","=""*""","=""4""",,"=""""","=""L153""",
La,1,"=""703.205""","=""""","=""26""","=""""",,"=""9044.214""","=""23260.92""","=""5d2.(3P).6s""","=""2P""","=""1/2""","=""5d2.(3P).6p""","=""2S*""","=""1/2""",,"=""""","=""L3475""",
Th,1,"=""703.2178""","=""0.0005""","=""69""","=""""",,"=""20214.92997""","=""34431.3389""","=""6d2.7s.7p""","=""5D*""","=""3""","=""""","=""""","=""3""",,"=""""","=""L3552""",
Th,1,"=""703.2350""","=""0.0005""","=""13""","=""""",,"=""15618.98461""","=""29835.04913""","=""5f.6d2.7s""","=""5H*""","=""3""","=""""","=""""","=""3""",,"=""""","=""L3552""",
W,1,"=""703.238""","=""""","=""4""","=""""",,"=""""","=""""","=""""","=""""","=""""","=""""","=""""","=""""",,"=""""","=""L153""",
Ne,1,"=""703.24128""","=""0.00004""","=""85000""","=""2.66e+07""",B+,"=""134041.8400""","=""148257.7898""","=""2s2.2p5.(2P*<3/2>).3s""","=""2[3/2]*""","=""2""","=""2s2.2p5.(2P*<3/2>).3p""","=""2[1/2]""","=""1""",,"=""T4701""","=""L3451""",
B,2,"=""703.254""","=""0.003""","=""2""","=""3.97e+07""",A,"=""129773.83""","=""143989.95""","=""1s2.2s.3s""","=""3S""","=""1""","=""1s2.2s.3p""","=""3P*""","=""0""",,"=""T7096""","=""L12120""",
Hf,1,"=""703.2550""","=""0.0015""","=""59""","=""""",,"=""26918.146""","=""41133.82""","=""5d3.(b 2P).6s""","=""c 3P""","=""1""","=""5d2.(a 3P).6s.(a 2P).6p""","=""w 3P*""","=""0""",,"=""""","=""L16323""",
Th,1,"=""703.29310""","=""0.00005""","=""410""","=""""",,"=""8800.249723""","=""23015.15141""","=""6d3.(4F).7s""","=""5F""","=""4""","=""""","=""*""","=""5""",,"=""""","=""L5951""",
Bi,2,"=""703.3""","=""""","=""12""","=""""",,"=""""","=""""","=""""","=""""","=""""","=""""","=""""","=""""",,"=""""","=""L3331""",
W,1,"=""703.314""","=""""","=""2""","=""""",,"=""35299.82""","=""49514.34""","=""""","=""""","=""4""","=""""","=""*""","=""3""",,"=""""","=""L153,L416""",
Ti,1,"=""703.3310""","=""0.0006""","=""6""","=""""",,"=""7255.355""","=""21469.488""","=""3d2.4s2""","=""a 1D""","=""2""","=""3d2.(3F).4s.4p.(3P*)""","=""z 3G*""","=""3""",,"=""""","=""L10989""",
W,1,"=""703.332""","=""""","=""3""","=""""",,"=""""","=""""","=""""","=""""","=""""","=""""","=""""","=""""",,"=""""","=""L153""",
Th,1,"=""703.33588""","=""0.00006""","=""230*""","=""""",,"=""26363.10178""","=""40577.1425""","=""""","=""*""","=""2""","=""""","=""""","=""3""",,"=""""","=""L5951""",
Th,1,"=""703.33588""","=""0.00006""","=""230*""","=""""",,"=""14465.221873""","=""28679.25957""","=""6d2.7s.7p""","=""5G*""","=""2""","=""""","=""""","=""2""",,"=""""","=""L5951""",
Ti,2,"=""703.3573""","=""0.0005""","=""9""","=""""",,"=""67699.4431""","=""81913.0457""","=""3d2.(3F).4d""","=""4P""","=""5/2""","=""3d2.(3F).4f""","=""4F*""","=""7/2""",,"=""""","=""u37""",
Th,1,"=""703.36524""","=""0.00008""","=""130""","=""""",,"=""12847.96912""","=""27061.41472""","=""6d3.(4P).7s""","=""5P""","=""3""","=""""","=""*""","=""2""",,"=""""","=""L5951""",
Tm,1,"=""703.434""","=""0.0020""","=""120""","=""""",,"=""""","=""""","=""""","=""""","=""""","=""""","=""""","=""""",,"=""""","=""L2006,L3475""",
Xe,1,"=""703.480""","=""0.001""","=""3""","=""""",,"=""80970.438""","=""95181.66""","=""5p5.(2P*<3/2>).5d""","=""2[7/2]*""","=""3""","=""5p5.(2P*<3/2>).10p""","=""2[5/2]""","=""2""",,"=""""","=""L4739""",
W,1,"=""703.480""","=""""","=""3""","=""""",,"=""""","=""""","=""""","=""""","=""""","=""""","=""""","=""""",,"=""""","=""L153""",
Si,1,"=""703.4903""","=""""","=""250""","=""""",,"=""""","=""""","=""""","=""""","=""""","=""""","=""""","=""""",,"=""""","=""L3521""",
Y,1,"=""703.5150""","=""""","=""19h""","=""6.3e+06""",D+,"=""19027.593""","=""33238.011""","=""4d.5s.(3D).5p""","=""z 4P*""","=""3/2""","=""4d.5s.(3D).6s""","=""e 4D""","=""3/2""",,"=""T4373""","=""L7610,L3475""",
Hf,1,"=""703.5150""","=""0.0015""","=""350""","=""1.1e+05""",D+,"=""16766.637""","=""30977.0338""","=""5d3.(b 4F).6s""","=""a 5F""","=""4""","=""5d2.(a 3F).6s.(a 4F).6p""","=""z 3G*""","=""5""",,"=""T5346""","=""L16323""",
Xe,1,"=""703.553""","=""0.001""","=""20""","=""4.00e+05""",B+,"=""79212.465""","=""93422.108""","=""5p5.(2P*<3/2>).6p""","=""2[3/2]""","=""2""","=""5p5.(2P*<3/2>).9s""","=""2[3/2]*""","=""1""",,"=""T5818""","=""L4739""",
Ti,1,"=""703.5802""","=""0.0006""","=""23""","=""""",,"=""25317.814""","=""39526.912""","=""3d3.(4F).4p""","=""y 3D*""","=""1""","=""3d3.(4F).5s""","=""f 3F""","=""2""",,"=""""","=""L10989""",
Bi,1,"=""703.6026""","=""0.0015""","=""4""","=""""",,"=""33164.805""","=""47373.477""","=""6p3""","=""2P*""","=""3/2""","=""6p2.(3P<0>).8s""","=""2[0]""","=""1/2""",,"=""""","=""L6416,L7394""",
Th,1,"=""703.62153""","=""0.00009""","=""110*""","=""""",,"=""11601.03035""","=""25809.30337""","=""6d3.(4P).7s""","=""5P""","=""1""","=""""","=""*""","=""1""",,"=""""","=""L5951""",
Th,1,"=""703.62153""","=""0.00009""","=""110*""","=""""",,"=""22877.58322""","=""37085.8553""","=""""","=""*""","=""5""","=""""","=""""","=""4""",,"=""""","=""L5951""",
Th,1,"=""703.628335""","=""0.000015""","=""1500""","=""""",,"=""11197.031257""","=""25405.16237""","=""5f.6d.7s2""","=""3H*""","=""5""","=""5f.6d.7s.7p""","=""5H""","=""4""",,"=""""","=""L18702""",
Hf,1,"=""703.6480""","=""0.0015""","=""10""","=""""",,"=""26305.8081""","=""40513.560""","=""5d2.(a 3F).6s.(a 4F).6p""","=""z 5D*""","=""3""","=""5d.6s2.(a 2D).7s""","=""d 3D""","=""2""",,"=""""","=""L16323""",
Sm,2,"=""703.673""","=""""","=""13""","=""""",,"=""""","=""""","=""""","=""""","=""""","=""""","=""""","=""""",,"=""""","=""L3475""",
Hf,1,"=""703.6950""","=""0.0019""","=""25*""","=""""",,"=""33139.1776""","=""47345.946""","=""5d2.(a 3P).6s.(a 4P).6p""","=""z 5P*""","=""3""","=""6p2.(1D).5d.(2G).6s""","=""b 3G""","=""3""",,"=""""","=""L16323""",
Hf,1,"=""703.6950""","=""0.0019""","=""25*""","=""""",,"=""35453.8381""","=""49660.579""","=""5d2.(a 1G).6s.(a 2G).6p""","=""w 3F*""","=""3""","=""""","=""4966""","=""3""",,"=""""","=""L16323""",
Yb,3,"=""703.704""","=""""","=""10""","=""""",,"=""""","=""""","=""""","=""""","=""""","=""""","=""""","=""""",,"=""""","=""L4835""",
C,3,"=""703.725""","=""""","=""150w""","=""7.46e+07""",B,"=""310006.32""","=""324212.49""","=""1s2.2p.(2P*).3s""","=""1P*""","=""1""","=""1s2.2s.4d""","=""1D""","=""2""",,"=""T5633""","=""L1113""",
Gd,2,"=""703.726""","=""""","=""21""","=""""",,"=""""","=""""","=""""","=""""","=""""","=""""","=""""","=""""",,"=""""","=""L3475""",
Nd,2,"=""703.730""","=""""","=""35""","=""""",,"=""3801.930""","=""18007.935""","=""4f4.(5I).6s""","=""6I""","=""15/2""","=""4f3.5d2""","=""6H*""","=""13/2""",,"=""""","=""L3475""",
Cu,2,"=""703.7388""","=""0.0004""","=""2900""","=""""",,"=""122867.7407""","=""137073.6465""","=""3d9.(2D<3/2>).5p""","=""2[1/2]*""","=""1""","=""3d9.(2D<5/2>).5d""","=""2[5/2]""","=""2""",,"=""""","=""L869c171""",
Th,1,"=""703.7410""","=""0.0005""","=""18""","=""""",,"=""16346.64962""","=""30552.50463""","=""5f.6d2.7s""","=""5H*""","=""4""","=""""","=""""","=""4""",,"=""""","=""L3552""",
F,1,"=""703.7469""","=""0.0002""","=""45000""","=""4.23e+07""",C,"=""104731.05""","=""118936.80""","=""2s2.2p4.(3P).3s""","=""2P""","=""3/2""","=""2s2.2p4.(3P).3p""","=""2P*""","=""3/2""",,"=""T7043""","=""L7481""",
Th,1,"=""703.7781""","=""0.0005""","=""36""","=""""",,"=""18549.40528""","=""32754.5067""","=""6d3.(4P).7s""","=""""","=""2""","=""""","=""*""","=""3""",,"=""""","=""L3552""",
V,2,"=""703.7825""","=""0.0012""","=""170""","=""1.3e+07""",D,"=""76403.6726""","=""90608.695""","=""3d3.(4F).4d""","=""5D""","=""2""","=""3d3.(4F<9/2>).4f""","=""2[3/2]*""","=""2""",,"=""T9770""","=""L10089c179""",
Th,1,"=""703.7852""","=""0.0005""","=""46""","=""""",,"=""17224.302340""","=""31429.25358""","=""6d2.7s.7p""","=""5F*""","=""2""","=""""","=""""","=""1""",,"=""""","=""L3552""",
Mo,1,"=""703.7963""","=""""","=""22""","=""1.07e+06""",C+,"=""26638.742""","=""40843.482""","=""4d5.(2D).5s""","=""b 3D""","=""3""","=""4d4.5s.(4D).5p""","=""z 3F*""","=""4""",,"=""T5293""","=""L10250,L3475""",
Nb,1,"=""703.804""","=""""","=""17""","=""""",,"=""""","=""""","=""""","=""""","=""""","=""""","=""""","=""""",,"=""""","=""L3475""",
Hf,1,"=""703.8070""","=""0.0015""","=""10""","=""""",,"=""36075.0722""","=""50279.571""","=""5d2.(a 3F).6s.(a 2F).6p""","=""x 3F*""","=""4""","=""""","=""5028""","=""5""",,"=""""","=""L16323""",
Th,1,"=""703.8165""","=""0.0005""","=""180""","=""""",,"=""19516.98043""","=""33721.32901""","=""6d2.7s.7p""","=""5D*""","=""2""","=""""","=""""","=""2""",,"=""""","=""L3552""",
Fe,1,"=""703.82230""","=""0.00015""","=""71""","=""2.5e+06""",D,"=""34017.103""","=""48221.324""","=""3d7.(4F).4p""","=""y 5D*""","=""1""","=""3d7.(4F).5s""","=""e 5F""","=""1""",,"=""T2578n""","=""L11631""",
Th,1,"=""703.87203""","=""0.00010""","=""85""","=""""",,"=""14247.30742""","=""28450.51635""","=""5f.6d.7s2""","=""3P*""","=""0""","=""""","=""""","=""1""",,"=""""","=""L5951""",
Rh,1,"=""703.876""","=""""","=""11""","=""""",,"=""16943.50""","=""31146.68""","=""4d7.5s2""","=""b 4F""","=""3/2""","=""4d8.(3F).5p""","=""z 4D*""","=""1/2""",,"=""""","=""L3475""",
Ti,1,"=""703.8812""","=""0.0006""","=""100""","=""""",,"=""18911.394""","=""33114.420""","=""3d3.(4P).4s""","=""c 3P""","=""2""","=""3d3.(4P).4p""","=""x 3P*""","=""2""",,"=""""","=""L10989""",
Ta,1,"=""703.907""","=""""","=""40""","=""""",,"=""22428.56""","=""36631.15""","=""5d4.(3H).6s""","=""a 4H""","=""11/2""","=""""","=""366*""","=""9/2""",,"=""""","=""L3475""",
Te,2,"=""703.913""","=""0.018""","=""180""","=""""",,"=""83577.41""","=""97780.09""","=""5s2.5p2.(3P).6s""","=""2P""","=""1/2""","=""5s2.5p2.(3P).6p""","=""2S*""","=""1/2""",,"=""""","=""L3546""",
Np,1,"=""703.914""","=""""","=""300s""","=""""",,"=""""","=""""","=""""","=""""","=""""","=""""","=""""","=""""",,"=""""","=""L3793""",
Hf,1,"=""703.9160""","=""0.0015""","=""59""","=""""",,"=""23641.389""","=""37843.707""","=""5d3.(c 2D).6s""","=""a 3D""","=""1""","=""5d2.(b 1D).6s.(b 2D).6p""","=""x 3P*""","=""0""",,"=""""","=""L16323""",
Sm,2,"=""703.922""","=""""","=""90""","=""""",,"=""""","=""""","=""""","=""""","=""""","=""""","=""""","=""""",,"=""""","=""L3475""",
Ti,1,"=""703.9264""","=""0.0006""","=""25""","=""""",,"=""25438.908""","=""39641.021""","=""3d3.(4F).4p""","=""y 3D*""","=""2""","=""3d3.(4F).5s""","=""f 3F""","=""3""",,"=""""","=""L10989""",
Cu,1,"=""703.937""","=""0.014""","=""25*""","=""""",,"=""56651.41""","=""70853.37""","=""3d9.(2D).4s.4p.(1P*)""","=""2D*""","=""5/2""","=""3d9.4s.(3D).4d""","=""2P""","=""3/2""",,"=""""","=""L772""",
Cu,1,"=""703.937""","=""0.014""","=""25*""","=""""",,"=""49382.945""","=""63584.65""","=""3d10.5p""","=""2P*""","=""3/2""","=""3d9.4s.(3D).5s""","=""4D""","=""3/2""",,"=""""","=""L772""",
Cu,1,"=""703.937""","=""0.014""","=""25*""","=""""",,"=""49383.264""","=""63584.65""","=""3d10.5p""","=""2P*""","=""1/2""","=""3d9.4s.(3D).5s""","=""4D""","=""3/2""",,"=""""","=""L772""",
V,2,"=""703.9407""","=""0.0012""","=""290""","=""2.2e+07""",D+,"=""76673.1011""","=""90874.941""","=""3d3.(4F).4d""","=""5D""","=""4""","=""3d3.(4F<9/2>).4f""","=""2[9/2]*""","=""5""",,"=""T9770""","=""L10089c179""",
Fe,2,"=""703.9732""","=""0.0002""","=""400""","=""3.24e+07""",B+,"=""90638.823""","=""104839.990""","=""3d6.(5D).5p""","=""4D*""","=""5/2""","=""3d6.(3F2).4d""","=""4P""","=""3/2""",,"=""T6892c83""","=""L18349c139""",
Th,1,"=""703.9877""","=""0.0005""","=""22""","=""""",,"=""17398.39526""","=""31599.2726""","=""6d3.(4F).7s""","=""""","=""3""","=""""","=""*""","=""2""",,"=""""","=""L3552""",